name,interval_start,min,min_seconds,mean,max,max_seconds
all,2016-10-24 00:00:00,0,1800.0,0.0,0,1800.0
all,2016-10-24 00:30:00,0,1800.0,0.0,0,1800.0
all,2016-10-24 01:00:00,0,1800.0,0.0,0,1800.0
all,2016-10-24 01:30:00,0,1800.0,0.0,0,1800.0
all,2016-10-24 02:00:00,0,1800.0,0.0,0,1800.0
all,2016-10-24 02:30:00,0,1800.0,0.0,0,1800.0
all,2016-10-24 03:00:00,0,1800.0,0.0,0,1800.0
all,2016-10-24 03:30:00,0,1800.0,0.0,0,1800.0
all,2016-10-24 04:00:00,0,1800.0,0.0,0,1800.0
all,2016-10-24 04:30:00,0,1800.0,0.0,0,1800.0
all,2016-10-24 05:00:00,0,505.0,1.0727777777777778,2,636.0
all,2016-10-24 05:30:00,2,1308.0,2.2733333333333334,3,492.0
all,2016-10-24 06:00:00,2,442.0,3.372777777777778,5,405.0
all,2016-10-24 06:30:00,2,236.0,3.727777777777778,5,612.0
all,2016-10-24 07:00:00,2,388.0,4.373888888888889,7,115.0
all,2016-10-24 07:30:00,6,374.0,10.309444444444445,17,60.0
all,2016-10-24 08:00:00,17,59.0,26.38722222222222,35,78.0
all,2016-10-24 08:30:00,31,5.0,47.12777777777778,63,2.0
all,2016-10-24 09:00:00,58,19.0,72.32444444444444,84,19.0
all,2016-10-24 09:30:00,71,13.0,81.59222222222222,100,11.0
all,2016-10-24 10:00:00,87,15.0,93.46388888888889,105,7.0
all,2016-10-24 10:30:00,89,47.0,97.49777777777778,112,17.0
all,2016-10-24 11:00:00,92,14.0,100.31888888888889,114,37.0
all,2016-10-24 11:30:00,83,25.0,92.89555555555556,104,10.0
all,2016-10-24 12:00:00,61,6.0,71.90944444444445,90,22.0
all,2016-10-24 12:30:00,63,28.0,75.93388888888889,86,12.0
all,2016-10-24 13:00:00,71,7.0,84.17944444444444,96,28.0
all,2016-10-24 13:30:00,77,8.0,85.55,95,16.0
all,2016-10-24 14:00:00,74,12.0,83.795,92,44.0
all,2016-10-24 14:30:00,73,8.0,84.09722222222223,97,2.0
all,2016-10-24 15:00:00,73,11.0,83.53722222222223,97,38.0
all,2016-10-24 15:30:00,75,17.0,85.38333333333334,95,6.0
all,2016-10-24 16:00:00,72,27.0,81.21,92,41.0
all,2016-10-24 16:30:00,56,1.0,68.79555555555555,84,16.0
all,2016-10-24 17:00:00,40,14.0,47.71277777777778,57,3.0
all,2016-10-24 17:30:00,28,12.0,34.06166666666667,41,13.0
all,2016-10-24 18:00:00,12,3.0,20.58222222222222,32,70.0
all,2016-10-24 18:30:00,8,47.0,11.974444444444444,16,4.0
all,2016-10-24 19:00:00,7,98.0,10.557222222222222,16,241.0
all,2016-10-24 19:30:00,7,14.0,12.047222222222222,16,501.0
all,2016-10-24 20:00:00,2,1292.0,3.006666666666667,11,53.0
all,2016-10-24 20:30:00,0,1292.0,0.6622222222222223,3,268.0
all,2016-10-24 21:00:00,0,1800.0,0.0,0,1800.0
all,2016-10-24 21:30:00,0,913.0,0.6355555555555555,3,62.0
all,2016-10-24 22:00:00,2,609.0,2.6616666666666666,3,1191.0
all,2016-10-24 22:30:00,3,1157.0,5.046111111111111,15,17.0
all,2016-10-24 23:00:00,3,1683.0,3.15,6,46.0
all,2016-10-24 23:30:00,3,1148.0,3.5277777777777777,5,298.0
all,2016-10-25 00:00:00,1,238.0,2.3472222222222223,3,863.0
all,2016-10-25 00:30:00,0,1573.0,0.12611111111111112,1,227.0
all,2016-10-25 01:00:00,0,1800.0,0.0,0,1800.0
all,2016-10-25 01:30:00,0,1800.0,0.0,0,1800.0
all,2016-10-25 02:00:00,0,1800.0,0.0,0,1800.0
all,2016-10-25 02:30:00,0,1800.0,0.0,0,1800.0
all,2016-10-25 03:00:00,0,1800.0,0.0,0,1800.0
all,2016-10-25 03:30:00,0,1800.0,0.0,0,1800.0
all,2016-10-25 04:00:00,0,1800.0,0.0,0,1800.0
all,2016-10-25 04:30:00,0,1800.0,0.0,0,1800.0
all,2016-10-25 05:00:00,0,617.0,0.6572222222222223,1,1183.0
all,2016-10-25 05:30:00,0,149.0,0.9683333333333334,2,92.0
all,2016-10-25 06:00:00,1,1431.0,1.205,2,369.0
all,2016-10-25 06:30:00,1,593.0,2.7016666666666667,4,660.0
all,2016-10-25 07:00:00,3,207.0,5.124444444444444,8,230.0
all,2016-10-25 07:30:00,8,75.0,13.203888888888889,19,39.0
all,2016-10-25 08:00:00,18,38.0,27.801666666666666,39,126.0
all,2016-10-25 08:30:00,33,4.0,46.75111111111111,71,4.0
all,2016-10-25 09:00:00,54,13.0,60.071666666666665,70,45.0
all,2016-10-25 09:30:00,61,2.0,70.43833333333333,83,8.0
all,2016-10-25 10:00:00,66,54.0,73.96666666666667,84,6.0
all,2016-10-25 10:30:00,70,8.0,77.60833333333333,85,31.0
all,2016-10-25 11:00:00,72,2.0,80.39611111111111,88,31.0
all,2016-10-25 11:30:00,73,77.0,79.54,88,11.0
all,2016-10-25 12:00:00,64,6.0,79.74777777777778,101,22.0
all,2016-10-25 12:30:00,58,5.0,65.38833333333334,73,6.0
all,2016-10-25 13:00:00,58,5.0,67.03166666666667,81,8.0
all,2016-10-25 13:30:00,71,26.0,80.24222222222222,89,1.0
all,2016-10-25 14:00:00,77,8.0,83.42444444444445,91,23.0
all,2016-10-25 14:30:00,75,53.0,80.40666666666667,87,4.0
all,2016-10-25 15:00:00,78,10.0,85.59222222222222,95,12.0
all,2016-10-25 15:30:00,79,12.0,85.43888888888888,94,25.0
all,2016-10-25 16:00:00,70,9.0,75.54611111111112,80,63.0
all,2016-10-25 16:30:00,62,36.0,67.63722222222222,73,75.0
all,2016-10-25 17:00:00,49,36.0,61.86388888888889,71,41.0
all,2016-10-25 17:30:00,25,40.0,33.519444444444446,52,39.0
all,2016-10-25 18:00:00,15,20.0,20.857222222222223,26,5.0
all,2016-10-25 18:30:00,11,195.0,14.695,18,49.0
all,2016-10-25 19:00:00,8,128.0,12.516666666666667,15,87.0
all,2016-10-25 19:30:00,5,267.0,6.243333333333333,8,146.0
all,2016-10-25 20:00:00,4,279.0,6.146111111111111,13,3.0
all,2016-10-25 20:30:00,1,181.0,2.3761111111111113,4,266.0
all,2016-10-25 21:00:00,1,1553.0,1.255,3,212.0
all,2016-10-25 21:30:00,1,1491.0,1.2516666666666667,3,144.0
all,2016-10-25 22:00:00,1,1634.0,1.0922222222222222,2,166.0
all,2016-10-25 22:30:00,1,1800.0,1.0,1,1800.0
all,2016-10-25 23:00:00,0,1718.0,0.04555555555555556,1,82.0
all,2016-10-25 23:30:00,0,287.0,1.626111111111111,4,40.0
all,2016-10-26 00:00:00,2,60.0,4.855555555555555,6,34.0
all,2016-10-26 00:30:00,4,255.0,5.463333333333333,7,287.0
all,2016-10-26 01:00:00,2,463.0,3.742777777777778,5,765.0
all,2016-10-26 01:30:00,1,482.0,1.7322222222222223,2,1318.0
all,2016-10-26 02:00:00,0,874.0,0.5144444444444445,1,926.0
all,2016-10-26 02:30:00,0,1800.0,0.0,0,1800.0
all,2016-10-26 03:00:00,0,1800.0,0.0,0,1800.0
all,2016-10-26 03:30:00,0,1800.0,0.0,0,1800.0
all,2016-10-26 04:00:00,0,1800.0,0.0,0,1800.0
all,2016-10-26 04:30:00,0,1800.0,0.0,0,1800.0
all,2016-10-26 05:00:00,0,1800.0,0.0,0,1800.0
all,2016-10-26 05:30:00,0,1620.0,0.1,1,180.0
all,2016-10-26 06:00:00,0,1499.0,0.16722222222222222,1,301.0
all,2016-10-26 06:30:00,0,482.0,0.8777777777777778,2,262.0
all,2016-10-26 07:00:00,2,400.0,4.471111111111111,7,243.0
all,2016-10-26 07:30:00,6,132.0,14.056111111111111,21,35.0
all,2016-10-26 08:00:00,15,52.0,27.67388888888889,40,55.0
all,2016-10-26 08:30:00,34,10.0,43.88722222222222,64,6.0
all,2016-10-26 09:00:00,49,61.0,57.75111111111111,78,2.0
all,2016-10-26 09:30:00,65,22.0,73.12833333333333,83,17.0
all,2016-10-26 10:00:00,75,34.0,83.77944444444445,90,42.0
all,2016-10-26 10:30:00,80,9.0,88.40277777777777,98,54.0
all,2016-10-26 11:00:00,89,46.0,96.05055555555556,106,7.0
all,2016-10-26 11:30:00,78,11.0,89.05111111111111,104,14.0
all,2016-10-26 12:00:00,66,37.0,81.58277777777778,93,13.0
all,2016-10-26 12:30:00,62,15.0,72.51444444444445,78,5.0
all,2016-10-26 13:00:00,58,9.0,70.82166666666667,79,29.0
all,2016-10-26 13:30:00,62,33.0,73.41722222222222,83,21.0
all,2016-10-26 14:00:00,78,52.0,85.72,96,30.0
all,2016-10-26 14:30:00,84,43.0,92.96111111111111,101,13.0
all,2016-10-26 15:00:00,84,4.0,93.79388888888889,102,42.0
all,2016-10-26 15:30:00,83,13.0,87.77333333333333,95,4.0
all,2016-10-26 16:00:00,73,22.0,84.59833333333333,95,26.0
all,2016-10-26 16:30:00,74,26.0,84.69444444444444,95,3.0
all,2016-10-26 17:00:00,57,5.0,67.91222222222223,82,21.0
all,2016-10-26 17:30:00,37,28.0,49.95777777777778,68,57.0
all,2016-10-26 18:00:00,20,41.0,28.716666666666665,39,40.0
all,2016-10-26 18:30:00,13,30.0,17.24388888888889,22,23.0
all,2016-10-26 19:00:00,14,460.0,15.186666666666667,17,203.0
all,2016-10-26 19:30:00,8,248.0,10.612222222222222,17,74.0
all,2016-10-26 20:00:00,4,418.0,5.485,9,11.0
all,2016-10-26 20:30:00,1,32.0,4.317777777777778,8,14.0
all,2016-10-26 21:00:00,1,1141.0,1.7072222222222222,4,151.0
all,2016-10-26 21:30:00,3,1175.0,3.3472222222222223,4,625.0
all,2016-10-26 22:00:00,3,1577.0,3.1238888888888887,4,223.0
all,2016-10-26 22:30:00,2,300.0,3.2655555555555558,7,71.0
all,2016-10-26 23:00:00,1,536.0,2.0861111111111112,6,3.0
all,2016-10-26 23:30:00,1,1756.0,1.0244444444444445,2,44.0
all,2016-10-27 00:00:00,0,1225.0,0.35333333333333333,2,61.0
all,2016-10-27 00:30:00,0,1800.0,0.0,0,1800.0
all,2016-10-27 01:00:00,0,1800.0,0.0,0,1800.0
all,2016-10-27 01:30:00,0,1800.0,0.0,0,1800.0
all,2016-10-27 02:00:00,0,1800.0,0.0,0,1800.0
all,2016-10-27 02:30:00,0,1800.0,0.0,0,1800.0
all,2016-10-27 03:00:00,0,1800.0,0.0,0,1800.0
all,2016-10-27 03:30:00,0,1800.0,0.0,0,1800.0
all,2016-10-27 04:00:00,0,1800.0,0.0,0,1800.0
all,2016-10-27 04:30:00,0,1800.0,0.0,0,1800.0
all,2016-10-27 05:00:00,0,205.0,1.0627777777777778,2,318.0
all,2016-10-27 05:30:00,2,1800.0,2.0,2,1800.0
all,2016-10-27 06:00:00,1,411.0,1.833888888888889,3,112.0
all,2016-10-27 06:30:00,1,362.0,2.1783333333333332,3,683.0
all,2016-10-27 07:00:00,0,179.0,3.1505555555555556,5,239.0
all,2016-10-27 07:30:00,5,79.0,9.991111111111111,23,18.0
all,2016-10-27 08:00:00,20,22.0,31.656111111111112,43,22.0
all,2016-10-27 08:30:00,41,1.0,48.78055555555556,61,19.0
all,2016-10-27 09:00:00,60,3.0,69.41055555555556,80,1.0
all,2016-10-27 09:30:00,62,21.0,74.03722222222223,85,15.0
all,2016-10-27 10:00:00,68,33.0,76.455,86,2.0
all,2016-10-27 10:30:00,69,5.0,83.40611111111112,92,16.0
all,2016-10-27 11:00:00,85,9.0,90.41722222222222,100,4.0
all,2016-10-27 11:30:00,74,27.0,83.87833333333333,95,107.0
all,2016-10-27 12:00:00,66,10.0,86.22444444444444,98,24.0
all,2016-10-27 12:30:00,66,9.0,79.05277777777778,91,3.0
all,2016-10-27 13:00:00,88,13.0,93.86277777777778,105,2.0
all,2016-10-27 13:30:00,81,11.0,90.44944444444444,100,2.0
all,2016-10-27 14:00:00,81,17.0,98.25222222222222,107,17.0
all,2016-10-27 14:30:00,84,6.0,91.555,99,15.0
all,2016-10-27 15:00:00,77,17.0,86.63555555555556,97,12.0
all,2016-10-27 15:30:00,86,73.0,92.38944444444445,98,54.0
all,2016-10-27 16:00:00,79,31.0,85.23,98,30.0
all,2016-10-27 16:30:00,66,47.0,73.30722222222222,83,21.0
all,2016-10-27 17:00:00,43,14.0,55.89055555555556,73,20.0
all,2016-10-27 17:30:00,29,1.0,38.57,56,4.0
all,2016-10-27 18:00:00,18,59.0,22.877222222222223,30,9.0
all,2016-10-27 18:30:00,13,10.0,17.794444444444444,22,61.0
all,2016-10-27 19:00:00,9,75.0,11.458333333333334,14,46.0
all,2016-10-27 19:30:00,4,224.0,8.507222222222222,17,3.0
all,2016-10-27 20:00:00,4,488.0,6.860555555555556,14,75.0
all,2016-10-27 20:30:00,4,52.0,10.425555555555556,14,178.0
all,2016-10-27 21:00:00,2,705.0,2.647777777777778,5,7.0
all,2016-10-27 21:30:00,2,1473.0,2.1816666666666666,3,327.0
all,2016-10-27 22:00:00,1,636.0,2.175,6,170.0
all,2016-10-27 22:30:00,1,1623.0,1.2316666666666667,5,32.0
all,2016-10-27 23:00:00,0,1498.0,0.4444444444444444,5,33.0
all,2016-10-27 23:30:00,0,1433.0,0.2038888888888889,1,367.0
all,2016-10-28 00:00:00,0,1197.0,0.8472222222222222,6,65.0
all,2016-10-28 00:30:00,0,1687.0,0.06277777777777778,1,113.0
all,2016-10-28 01:00:00,0,1800.0,0.0,0,1800.0
all,2016-10-28 01:30:00,0,1800.0,0.0,0,1800.0
all,2016-10-28 02:00:00,0,1800.0,0.0,0,1800.0
all,2016-10-28 02:30:00,0,1800.0,0.0,0,1800.0
all,2016-10-28 03:00:00,0,1800.0,0.0,0,1800.0
all,2016-10-28 03:30:00,0,1800.0,0.0,0,1800.0
all,2016-10-28 04:00:00,0,1800.0,0.0,0,1800.0
all,2016-10-28 04:30:00,0,1800.0,0.0,0,1800.0
all,2016-10-28 05:00:00,0,1518.0,0.15666666666666668,1,282.0
all,2016-10-28 05:30:00,0,319.0,0.8227777777777778,1,1481.0
all,2016-10-28 06:00:00,0,318.0,1.0922222222222222,2,484.0
all,2016-10-28 06:30:00,0,262.0,0.8544444444444445,1,1538.0
all,2016-10-28 07:00:00,0,59.0,2.205,3,816.0
all,2016-10-28 07:30:00,2,122.0,4.863333333333333,8,183.0
all,2016-10-28 08:00:00,3,89.0,15.200555555555555,22,23.0
all,2016-10-28 08:30:00,18,22.0,31.70722222222222,47,45.0
all,2016-10-28 09:00:00,40,69.0,46.445,55,17.0
all,2016-10-28 09:30:00,48,15.0,54.78111111111111,62,15.0
all,2016-10-28 10:00:00,60,69.0,63.928333333333335,70,37.0
all,2016-10-28 10:30:00,59,17.0,66.585,71,58.0
all,2016-10-28 11:00:00,59,2.0,65.91333333333333,75,7.0
all,2016-10-28 11:30:00,57,49.0,66.78944444444444,74,32.0
all,2016-10-28 12:00:00,53,6.0,64.27666666666667,73,9.0
all,2016-10-28 12:30:00,53,17.0,59.63388888888889,74,13.0
all,2016-10-28 13:00:00,52,4.0,58.55111111111111,63,12.0
all,2016-10-28 13:30:00,50,2.0,59.1,69,14.0
all,2016-10-28 14:00:00,51,12.0,60.445,66,18.0
all,2016-10-28 14:30:00,59,3.0,64.32888888888888,71,5.0
all,2016-10-28 15:00:00,62,11.0,68.34388888888888,75,34.0
all,2016-10-28 15:30:00,56,7.0,64.08222222222223,73,26.0
all,2016-10-28 16:00:00,49,27.0,59.83166666666666,65,50.0
all,2016-10-28 16:30:00,39,37.0,47.961666666666666,58,3.0
all,2016-10-28 17:00:00,29,48.0,33.82888888888889,43,10.0
all,2016-10-28 17:30:00,20,63.0,24.939444444444444,32,4.0
all,2016-10-28 18:00:00,9,4.0,16.77166666666667,24,55.0
all,2016-10-28 18:30:00,9,619.0,10.310555555555556,13,102.0
all,2016-10-28 19:00:00,4,196.0,7.154444444444445,10,107.0
all,2016-10-28 19:30:00,4,1271.0,4.293888888888889,5,529.0
all,2016-10-28 20:00:00,1,1033.0,1.698888888888889,4,77.0
all,2016-10-28 20:30:00,1,1630.0,1.0944444444444446,2,170.0
all,2016-10-28 21:00:00,0,1794.0,0.0033333333333333335,1,6.0
all,2016-10-28 21:30:00,0,1657.0,0.07944444444444444,1,143.0
all,2016-10-28 22:00:00,0,1620.0,0.1,1,180.0
all,2016-10-28 22:30:00,0,1549.0,0.13944444444444445,1,251.0
all,2016-10-28 23:00:00,1,15.0,45.431666666666665,99,5.0
all,2016-10-28 23:30:00,8,84.0,36.19222222222222,79,14.0
all,2016-10-31 00:00:00,0,1800.0,0.0,0,1800.0
all,2016-10-31 00:30:00,0,1800.0,0.0,0,1800.0
all,2016-10-31 01:00:00,0,1800.0,0.0,0,1800.0
all,2016-10-31 01:30:00,0,1800.0,0.0,0,1800.0
all,2016-10-31 02:00:00,0,1800.0,0.0,0,1800.0
all,2016-10-31 02:30:00,0,1800.0,0.0,0,1800.0
all,2016-10-31 03:00:00,0,1800.0,0.0,0,1800.0
all,2016-10-31 03:30:00,0,1800.0,0.0,0,1800.0
all,2016-10-31 04:00:00,0,1800.0,0.0,0,1800.0
all,2016-10-31 04:30:00,0,1800.0,0.0,0,1800.0
all,2016-10-31 05:00:00,0,322.0,1.305,2,871.0
all,2016-10-31 05:30:00,1,1711.0,1.0494444444444444,2,89.0
all,2016-10-31 06:00:00,1,382.0,2.861666666666667,6,26.0
all,2016-10-31 06:30:00,3,770.0,4.381111111111111,8,35.0
all,2016-10-31 07:00:00,6,35.0,17.6,33,12.0
all,2016-10-31 07:30:00,28,8.0,50.55833333333333,80,17.0
all,2016-10-31 08:00:00,61,7.0,89.38666666666667,140,4.0
all,2016-10-31 08:30:00,134,1.0,167.1927777777778,202,4.0
all,2016-10-31 09:00:00,198,13.0,229.54333333333332,281,1.0
all,2016-10-31 09:30:00,279,15.0,299.23333333333335,316,1.0
all,2016-10-31 10:00:00,291,2.0,308.2272222222222,334,8.0
all,2016-10-31 10:30:00,301,9.0,317.08,334,2.0
all,2016-10-31 11:00:00,297,5.0,320.9088888888889,347,2.0
all,2016-10-31 11:30:00,296,1.0,329.5238888888889,356,13.0
all,2016-10-31 12:00:00,242,5.0,269.7338888888889,298,1.0
all,2016-10-31 12:30:00,237,1.0,256.3688888888889,277,7.0
all,2016-10-31 13:00:00,246,2.0,286.0105555555556,311,2.0
all,2016-10-31 13:30:00,283,17.0,305.03333333333336,323,5.0
all,2016-10-31 14:00:00,314,5.0,333.4244444444444,349,1.0
all,2016-10-31 14:30:00,307,10.0,327.62,351,5.0
all,2016-10-31 15:00:00,304,1.0,329.7577777777778,357,2.0
all,2016-10-31 15:30:00,296,3.0,320.36555555555555,344,5.0
all,2016-10-31 16:00:00,273,5.0,297.2133333333333,321,3.0
all,2016-10-31 16:30:00,214,2.0,255.6988888888889,284,3.0
all,2016-10-31 17:00:00,141,2.0,182.7577777777778,215,4.0
all,2016-10-31 17:30:00,84,2.0,107.93833333333333,142,2.0
all,2016-10-31 18:00:00,49,22.0,68.85944444444445,86,11.0
all,2016-10-31 18:30:00,31,5.0,38.848333333333336,50,37.0
all,2016-10-31 19:00:00,16,20.0,26.067777777777778,36,5.0
all,2016-10-31 19:30:00,8,42.0,15.470555555555556,25,44.0
all,2016-10-31 20:00:00,10,32.0,19.225555555555555,23,192.0
all,2016-10-31 20:30:00,15,299.0,17.063333333333333,22,24.0
all,2016-10-31 21:00:00,12,137.0,14.778888888888888,17,165.0
all,2016-10-31 21:30:00,11,11.0,15.063333333333333,17,156.0
all,2016-10-31 22:00:00,0,346.0,1.7694444444444444,16,2.0
all,2016-10-31 22:30:00,0,572.0,0.8377777777777777,4,50.0
all,2016-10-31 23:00:00,0,386.0,1.3827777777777779,3,274.0
all,2016-10-31 23:30:00,1,1089.0,1.5444444444444445,4,32.0
all,2016-11-01 00:00:00,1,1455.0,1.1916666666666667,2,345.0
all,2016-11-01 00:30:00,1,1800.0,1.0,1,1800.0
all,2016-11-01 01:00:00,1,1800.0,1.0,1,1800.0
all,2016-11-01 01:30:00,0,1289.0,0.2838888888888889,1,511.0
all,2016-11-01 02:00:00,0,1800.0,0.0,0,1800.0
all,2016-11-01 02:30:00,0,1800.0,0.0,0,1800.0
all,2016-11-01 03:00:00,0,1800.0,0.0,0,1800.0
all,2016-11-01 03:30:00,0,957.0,0.4683333333333333,1,843.0
all,2016-11-01 04:00:00,1,1800.0,1.0,1,1800.0
all,2016-11-01 04:30:00,1,1800.0,1.0,1,1800.0
all,2016-11-01 05:00:00,1,283.0,1.8427777777777778,2,1517.0
all,2016-11-01 05:30:00,1,59.0,1.9672222222222222,2,1741.0
all,2016-11-01 06:00:00,2,160.0,3.78,5,461.0
all,2016-11-01 06:30:00,4,34.0,6.212777777777778,8,430.0
all,2016-11-01 07:00:00,4,27.0,14.868333333333334,30,13.0
all,2016-11-01 07:30:00,21,1.0,46.42888888888889,66,2.0
all,2016-11-01 08:00:00,61,13.0,91.76611111111112,123,7.0
all,2016-11-01 08:30:00,121,5.0,175.71666666666667,243,5.0
all,2016-11-01 09:00:00,215,5.0,245.43944444444443,286,1.0
all,2016-11-01 09:30:00,271,3.0,299.8177777777778,331,11.0
all,2016-11-01 10:00:00,291,1.0,313.7472222222222,335,7.0
all,2016-11-01 10:30:00,300,6.0,327.8566666666667,350,1.0
all,2016-11-01 11:00:00,324,3.0,340.1611111111111,354,7.0
all,2016-11-01 11:30:00,318,15.0,336.8827777777778,354,2.0
all,2016-11-01 12:00:00,252,3.0,276.8177777777778,321,10.0
all,2016-11-01 12:30:00,214,5.0,232.11111111111111,262,6.0
all,2016-11-01 13:00:00,233,7.0,273.84277777777777,299,3.0
all,2016-11-01 13:30:00,272,5.0,315.15222222222224,351,3.0
all,2016-11-01 14:00:00,330,2.0,341.7705555555556,357,13.0
all,2016-11-01 14:30:00,318,1.0,348.17833333333334,366,12.0
all,2016-11-01 15:00:00,325,8.0,343.60555555555555,358,6.0
all,2016-11-01 15:30:00,322,16.0,336.3211111111111,359,2.0
all,2016-11-01 16:00:00,300,1.0,319.0083333333333,336,5.0
all,2016-11-01 16:30:00,259,17.0,291.0833333333333,319,5.0
all,2016-11-01 17:00:00,180,5.0,219.8111111111111,260,14.0
all,2016-11-01 17:30:00,109,10.0,150.27,184,7.0
all,2016-11-01 18:00:00,74,6.0,95.70111111111112,119,9.0
all,2016-11-01 18:30:00,45,3.0,58.13333333333333,77,11.0
all,2016-11-01 19:00:00,34,14.0,42.06,48,38.0
all,2016-11-01 19:30:00,22,52.0,27.54611111111111,36,24.0
all,2016-11-01 20:00:00,15,35.0,20.470555555555556,32,27.0
all,2016-11-01 20:30:00,7,122.0,10.279444444444444,16,43.0
all,2016-11-01 21:00:00,1,27.0,5.038888888888889,8,165.0
all,2016-11-01 21:30:00,1,445.0,3.1783333333333332,5,220.0
all,2016-11-01 22:00:00,0,879.0,0.6111111111111112,2,179.0
all,2016-11-01 22:30:00,0,704.0,1.893888888888889,4,275.0
all,2016-11-01 23:00:00,1,318.0,3.0833333333333335,8,124.0
all,2016-11-01 23:30:00,1,378.0,2.2127777777777777,4,4.0
all,2016-11-02 00:00:00,1,1451.0,1.3244444444444445,3,235.0
all,2016-11-02 00:30:00,1,1800.0,1.0,1,1800.0
all,2016-11-02 01:00:00,1,1411.0,1.2161111111111111,2,389.0
all,2016-11-02 01:30:00,0,1334.0,0.2588888888888889,1,466.0
all,2016-11-02 02:00:00,0,1800.0,0.0,0,1800.0
all,2016-11-02 02:30:00,0,1800.0,0.0,0,1800.0
all,2016-11-02 03:00:00,0,1800.0,0.0,0,1800.0
all,2016-11-02 03:30:00,0,1800.0,0.0,0,1800.0
all,2016-11-02 04:00:00,0,1800.0,0.0,0,1800.0
all,2016-11-02 04:30:00,0,1800.0,0.0,0,1800.0
all,2016-11-02 05:00:00,0,796.0,0.5577777777777778,1,1004.0
all,2016-11-02 05:30:00,0,786.0,0.5633333333333334,1,1014.0
all,2016-11-02 06:00:00,1,26.0,3.546666666666667,6,85.0
all,2016-11-02 06:30:00,3,163.0,6.546666666666667,10,98.0
all,2016-11-02 07:00:00,7,29.0,16.798333333333332,29,2.0
all,2016-11-02 07:30:00,27,17.0,47.63666666666666,66,8.0
all,2016-11-02 08:00:00,63,7.0,102.99055555555556,144,15.0
all,2016-11-02 08:30:00,138,4.0,167.97,211,1.0
all,2016-11-02 09:00:00,201,5.0,243.8361111111111,287,4.0
all,2016-11-02 09:30:00,283,3.0,299.32944444444445,324,2.0
all,2016-11-02 10:00:00,310,8.0,325.5661111111111,347,1.0
all,2016-11-02 10:30:00,305,7.0,330.30444444444447,347,2.0
all,2016-11-02 11:00:00,321,8.0,340.4888888888889,355,4.0
all,2016-11-02 11:30:00,314,2.0,350.1927777777778,374,3.0
all,2016-11-02 12:00:00,240,3.0,277.91777777777776,324,2.0
all,2016-11-02 12:30:00,198,4.0,225.7188888888889,256,10.0
all,2016-11-02 13:00:00,218,19.0,259.5966666666667,305,2.0
all,2016-11-02 13:30:00,285,11.0,311.5966666666667,349,6.0
all,2016-11-02 14:00:00,321,8.0,346.3383333333333,364,1.0
all,2016-11-02 14:30:00,337,1.0,350.06111111111113,365,6.0
all,2016-11-02 15:00:00,346,5.0,361.05444444444447,378,9.0
all,2016-11-02 15:30:00,315,9.0,344.4488888888889,361,12.0
all,2016-11-02 16:00:00,285,1.0,321.9172222222222,357,4.0
all,2016-11-02 16:30:00,255,2.0,283.84,307,2.0
all,2016-11-02 17:00:00,170,8.0,206.48666666666668,258,8.0
all,2016-11-02 17:30:00,106,16.0,146.2711111111111,181,9.0
all,2016-11-02 18:00:00,68,2.0,87.20277777777778,110,5.0
all,2016-11-02 18:30:00,45,36.0,61.84111111111111,74,1.0
all,2016-11-02 19:00:00,21,12.0,32.17888888888889,47,21.0
all,2016-11-02 19:30:00,15,4.0,23.06111111111111,29,34.0
all,2016-11-02 20:00:00,11,37.0,14.615555555555556,19,37.0
all,2016-11-02 20:30:00,7,125.0,10.217777777777778,13,92.0
all,2016-11-02 21:00:00,4,35.0,7.014444444444444,12,35.0
all,2016-11-02 21:30:00,4,649.0,4.944444444444445,6,549.0
all,2016-11-02 22:00:00,3,513.0,4.522777777777778,8,11.0
all,2016-11-02 22:30:00,2,343.0,3.5922222222222224,6,18.0
all,2016-11-02 23:00:00,1,454.0,2.928888888888889,6,64.0
all,2016-11-02 23:30:00,1,1117.0,1.8805555555555555,4,384.0
all,2016-11-03 00:00:00,1,1800.0,1.0,1,1800.0
all,2016-11-03 00:30:00,0,84.0,0.9533333333333334,1,1716.0
all,2016-11-03 01:00:00,0,1503.0,0.165,1,297.0
all,2016-11-03 01:30:00,0,1800.0,0.0,0,1800.0
all,2016-11-03 02:00:00,0,1800.0,0.0,0,1800.0
all,2016-11-03 02:30:00,0,1800.0,0.0,0,1800.0
all,2016-11-03 03:00:00,0,1800.0,0.0,0,1800.0
all,2016-11-03 03:30:00,0,1800.0,0.0,0,1800.0
all,2016-11-03 04:00:00,0,1800.0,0.0,0,1800.0
all,2016-11-03 04:30:00,0,1800.0,0.0,0,1800.0
all,2016-11-03 05:00:00,0,892.0,0.5044444444444445,1,908.0
all,2016-11-03 05:30:00,1,1800.0,1.0,1,1800.0
all,2016-11-03 06:00:00,1,429.0,2.371111111111111,5,20.0
all,2016-11-03 06:30:00,4,211.0,7.2011111111111115,11,67.0
all,2016-11-03 07:00:00,11,171.0,16.841666666666665,24,17.0
all,2016-11-03 07:30:00,20,27.0,47.117222222222225,72,3.0
all,2016-11-03 08:00:00,71,2.0,101.58055555555555,130,2.0
all,2016-11-03 08:30:00,123,1.0,174.3177777777778,215,2.0
all,2016-11-03 09:00:00,211,2.0,239.58555555555554,271,12.0
all,2016-11-03 09:30:00,266,2.0,296.33222222222224,321,9.0
all,2016-11-03 10:00:00,305,3.0,330.00055555555554,355,3.0
all,2016-11-03 10:30:00,330,5.0,344.585,358,3.0
all,2016-11-03 11:00:00,316,3.0,338.81,377,3.0
all,2016-11-03 11:30:00,322,2.0,349.1066666666667,382,4.0
all,2016-11-03 12:00:00,255,6.0,303.6611111111111,349,1.0
all,2016-11-03 12:30:00,244,12.0,257.3022222222222,272,2.0
all,2016-11-03 13:00:00,251,3.0,268.87444444444446,294,1.0
all,2016-11-03 13:30:00,278,2.0,308.1538888888889,331,2.0
all,2016-11-03 14:00:00,309,4.0,336.93666666666667,353,5.0
all,2016-11-03 14:30:00,321,12.0,339.5138888888889,365,2.0
all,2016-11-03 15:00:00,315,2.0,335.0966666666667,360,1.0
all,2016-11-03 15:30:00,311,11.0,334.27555555555557,356,4.0
all,2016-11-03 16:00:00,284,4.0,313.02166666666665,337,1.0
all,2016-11-03 16:30:00,231,7.0,260.1144444444444,291,4.0
all,2016-11-03 17:00:00,162,8.0,197.19,233,5.0
all,2016-11-03 17:30:00,107,16.0,138.98055555555555,178,13.0
all,2016-11-03 18:00:00,73,3.0,92.00222222222222,116,6.0
all,2016-11-03 18:30:00,51,33.0,60.352222222222224,74,20.0
all,2016-11-03 19:00:00,27,57.0,37.17111111111111,54,22.0
all,2016-11-03 19:30:00,13,35.0,21.59611111111111,33,15.0
all,2016-11-03 20:00:00,9,418.0,11.795555555555556,17,32.0
all,2016-11-03 20:30:00,7,18.0,13.247777777777777,17,6.0
all,2016-11-03 21:00:00,11,154.0,14.435,23,37.0
all,2016-11-03 21:30:00,4,50.0,8.074444444444444,12,81.0
all,2016-11-03 22:00:00,2,728.0,2.875,4,503.0
all,2016-11-03 22:30:00,2,565.0,3.2644444444444445,10,78.0
all,2016-11-03 23:00:00,2,75.0,5.012222222222222,8,162.0
all,2016-11-03 23:30:00,2,219.0,4.212777777777778,7,1.0
all,2016-11-04 00:00:00,2,1509.0,2.1616666666666666,3,291.0
all,2016-11-04 00:30:00,2,1178.0,2.3455555555555554,3,622.0
all,2016-11-04 01:00:00,1,120.0,2.056111111111111,3,221.0
all,2016-11-04 01:30:00,0,1163.0,0.35388888888888886,1,637.0
all,2016-11-04 02:00:00,0,1800.0,0.0,0,1800.0
all,2016-11-04 02:30:00,0,1800.0,0.0,0,1800.0
all,2016-11-04 03:00:00,0,1800.0,0.0,0,1800.0
all,2016-11-04 03:30:00,0,1800.0,0.0,0,1800.0
all,2016-11-04 04:00:00,0,1800.0,0.0,0,1800.0
all,2016-11-04 04:30:00,0,1159.0,0.3561111111111111,1,641.0
all,2016-11-04 05:00:00,0,399.0,0.7783333333333333,1,1401.0
all,2016-11-04 05:30:00,0,818.0,0.5455555555555556,1,982.0
all,2016-11-04 06:00:00,0,248.0,2.1972222222222224,5,4.0
all,2016-11-04 06:30:00,3,403.0,4.812222222222222,8,72.0
all,2016-11-04 07:00:00,5,22.0,12.745555555555555,22,65.0
all,2016-11-04 07:30:00,17,11.0,38.25888888888889,58,2.0
all,2016-11-04 08:00:00,56,5.0,88.04333333333334,116,6.0
all,2016-11-04 08:30:00,113,6.0,164.97555555555556,207,9.0
all,2016-11-04 09:00:00,206,12.0,239.01166666666666,282,2.0
all,2016-11-04 09:30:00,265,2.0,297.4427777777778,320,4.0
all,2016-11-04 10:00:00,287,4.0,314.6227777777778,343,4.0
all,2016-11-04 10:30:00,286,21.0,313.3011111111111,331,10.0
all,2016-11-04 11:00:00,293,5.0,317.83444444444444,337,3.0
all,2016-11-04 11:30:00,290,4.0,306.8566666666667,324,3.0
all,2016-11-04 12:00:00,223,3.0,279.90055555555557,326,19.0
all,2016-11-04 12:30:00,220,9.0,230.30444444444444,242,2.0
all,2016-11-04 13:00:00,223,5.0,240.19944444444445,257,1.0
all,2016-11-04 13:30:00,257,1.0,284.65777777777777,299,1.0
all,2016-11-04 14:00:00,272,2.0,286.06111111111113,300,2.0
all,2016-11-04 14:30:00,292,6.0,311.0111111111111,324,1.0
all,2016-11-04 15:00:00,285,12.0,309.1616666666667,324,7.0
all,2016-11-04 15:30:00,288,2.0,303.8433333333333,322,7.0
all,2016-11-04 16:00:00,237,3.0,279.46444444444444,302,2.0
all,2016-11-04 16:30:00,199,8.0,234.86777777777777,257,4.0
all,2016-11-04 17:00:00,137,12.0,169.21333333333334,200,4.0
all,2016-11-04 17:30:00,84,40.0,106.15611111111112,141,6.0
all,2016-11-04 18:00:00,49,21.0,67.90833333333333,91,23.0
all,2016-11-04 18:30:00,22,10.0,36.16222222222222,55,64.0
all,2016-11-04 19:00:00,16,30.0,20.509444444444444,27,50.0
all,2016-11-04 19:30:00,11,36.0,15.402222222222223,22,53.0
all,2016-11-04 20:00:00,7,41.0,12.68,19,169.0
all,2016-11-04 20:30:00,8,456.0,10.088888888888889,15,48.0
all,2016-11-04 21:00:00,8,301.0,10.555,14,45.0
all,2016-11-04 21:30:00,10,298.0,11.831111111111111,14,125.0
all,2016-11-04 22:00:00,6,74.0,7.878888888888889,11,3.0
all,2016-11-04 22:30:00,4,327.0,5.474444444444444,8,29.0
all,2016-11-04 23:00:00,3,499.0,4.507777777777778,9,4.0
all,2016-11-04 23:30:00,2,728.0,2.5955555555555554,3,1072.0
all,2016-11-07 00:00:00,0,1800.0,0.0,0,1800.0
all,2016-11-07 00:30:00,0,1800.0,0.0,0,1800.0
all,2016-11-07 01:00:00,0,1800.0,0.0,0,1800.0
all,2016-11-07 01:30:00,0,1800.0,0.0,0,1800.0
all,2016-11-07 02:00:00,0,1800.0,0.0,0,1800.0
all,2016-11-07 02:30:00,0,1800.0,0.0,0,1800.0
all,2016-11-07 03:00:00,0,1800.0,0.0,0,1800.0
all,2016-11-07 03:30:00,0,1656.0,0.08,1,144.0
all,2016-11-07 04:00:00,0,1096.0,0.39111111111111113,1,704.0
all,2016-11-07 04:30:00,0,1609.0,0.10611111111111111,1,191.0
all,2016-11-07 05:00:00,0,295.0,1.1105555555555555,2,494.0
all,2016-11-07 05:30:00,0,30.0,1.7955555555555556,3,169.0
all,2016-11-07 06:00:00,2,140.0,3.9316666666666666,6,39.0
all,2016-11-07 06:30:00,4,28.0,6.918888888888889,13,20.0
all,2016-11-07 07:00:00,12,35.0,20.84111111111111,32,20.0
all,2016-11-07 07:30:00,28,37.0,51.295,75,1.0
all,2016-11-07 08:00:00,73,11.0,103.565,150,1.0
all,2016-11-07 08:30:00,147,2.0,178.09333333333333,213,7.0
all,2016-11-07 09:00:00,194,2.0,255.58444444444444,292,5.0
all,2016-11-07 09:30:00,289,9.0,315.8977777777778,347,7.0
all,2016-11-07 10:00:00,322,2.0,342.0227777777778,373,7.0
all,2016-11-07 10:30:00,335,2.0,357.4,387,2.0
all,2016-11-07 11:00:00,344,4.0,364.365,384,3.0
all,2016-11-07 11:30:00,344,2.0,364.2655555555556,388,1.0
all,2016-11-07 12:00:00,283,9.0,320.1188888888889,355,2.0
all,2016-11-07 12:30:00,261,13.0,277.11833333333334,296,8.0
all,2016-11-07 13:00:00,265,4.0,293.22277777777776,328,2.0
all,2016-11-07 13:30:00,311,5.0,337.31444444444446,370,10.0
all,2016-11-07 14:00:00,346,2.0,365.4411111111111,388,4.0
all,2016-11-07 14:30:00,351,2.0,377.0238888888889,406,17.0
all,2016-11-07 15:00:00,344,2.0,369.2916666666667,387,1.0
all,2016-11-07 15:30:00,339,1.0,357.37055555555554,381,1.0
all,2016-11-07 16:00:00,305,1.0,333.81555555555553,358,1.0
all,2016-11-07 16:30:00,255,12.0,295.18944444444446,325,5.0
all,2016-11-07 17:00:00,166,3.0,229.8311111111111,276,1.0
all,2016-11-07 17:30:00,112,10.0,140.11277777777778,170,3.0
all,2016-11-07 18:00:00,73,2.0,89.33833333333334,112,5.0
all,2016-11-07 18:30:00,36,3.0,55.65888888888889,78,7.0
all,2016-11-07 19:00:00,29,18.0,37.55277777777778,46,5.0
all,2016-11-07 19:30:00,18,19.0,25.74277777777778,29,108.0
all,2016-11-07 20:00:00,12,32.0,16.050555555555555,20,22.0
all,2016-11-07 20:30:00,7,100.0,10.466111111111111,16,20.0
all,2016-11-07 21:00:00,7,21.0,14.967777777777778,42,22.0
all,2016-11-07 21:30:00,5,142.0,10.087222222222222,26,38.0
all,2016-11-07 22:00:00,2,275.0,5.655,10,67.0
all,2016-11-07 22:30:00,1,192.0,3.117777777777778,7,82.0
all,2016-11-07 23:00:00,2,58.0,4.209444444444444,6,261.0
all,2016-11-07 23:30:00,3,86.0,4.524444444444445,6,311.0
all,2016-11-08 00:00:00,2,768.0,2.6577777777777776,4,152.0
all,2016-11-08 00:30:00,2,1604.0,2.108888888888889,3,196.0
all,2016-11-08 01:00:00,1,704.0,1.6088888888888888,2,1096.0
all,2016-11-08 01:30:00,1,1800.0,1.0,1,1800.0
all,2016-11-08 02:00:00,1,661.0,1.6327777777777779,2,1139.0
all,2016-11-08 02:30:00,2,1800.0,2.0,2,1800.0
all,2016-11-08 03:00:00,1,499.0,1.7227777777777777,2,1301.0
all,2016-11-08 03:30:00,1,1800.0,1.0,1,1800.0
all,2016-11-08 04:00:00,1,1800.0,1.0,1,1800.0
all,2016-11-08 04:30:00,0,1707.0,0.051666666666666666,1,93.0
all,2016-11-08 05:00:00,0,1800.0,0.0,0,1800.0
all,2016-11-08 05:30:00,0,1800.0,0.0,0,1800.0
all,2016-11-08 06:00:00,0,182.0,1.325,3,83.0
all,2016-11-08 06:30:00,1,42.0,4.442777777777778,8,109.0
all,2016-11-08 07:00:00,4,55.0,17.965555555555557,38,14.0
all,2016-11-08 07:30:00,30,1.0,47.943333333333335,83,23.0
all,2016-11-08 08:00:00,75,1.0,98.81444444444445,148,2.0
all,2016-11-08 08:30:00,146,12.0,189.0861111111111,249,1.0
all,2016-11-08 09:00:00,211,1.0,247.05166666666668,281,1.0
all,2016-11-08 09:30:00,257,3.0,278.7688888888889,295,6.0
all,2016-11-08 10:00:00,293,2.0,314.97444444444443,333,2.0
all,2016-11-08 10:30:00,315,12.0,333.51166666666666,359,1.0
all,2016-11-08 11:00:00,321,13.0,342.4838888888889,359,2.0
all,2016-11-08 11:30:00,324,3.0,343.76666666666665,364,3.0
all,2016-11-08 12:00:00,251,1.0,307.03833333333336,341,1.0
all,2016-11-08 12:30:00,251,18.0,268.1461111111111,291,2.0
all,2016-11-08 13:00:00,280,1.0,296.8022222222222,312,4.0
all,2016-11-08 13:30:00,292,2.0,327.7477777777778,350,14.0
all,2016-11-08 14:00:00,295,11.0,317.40166666666664,338,2.0
all,2016-11-08 14:30:00,302,4.0,313.4122222222222,326,2.0
all,2016-11-08 15:00:00,304,3.0,318.905,340,1.0
all,2016-11-08 15:30:00,292,4.0,311.97222222222223,335,1.0
all,2016-11-08 16:00:00,269,4.0,289.5488888888889,313,1.0
all,2016-11-08 16:30:00,218,2.0,245.65555555555557,270,4.0
all,2016-11-08 17:00:00,152,5.0,187.64444444444445,226,4.0
all,2016-11-08 17:30:00,96,9.0,118.80166666666666,155,3.0
all,2016-11-08 18:00:00,60,14.0,79.33333333333333,99,12.0
all,2016-11-08 18:30:00,38,4.0,51.153333333333336,74,10.0
all,2016-11-08 19:00:00,31,30.0,36.90777777777778,45,4.0
all,2016-11-08 19:30:00,26,74.0,30.988888888888887,40,14.0
all,2016-11-08 20:00:00,26,71.0,29.150555555555556,34,8.0
all,2016-11-08 20:30:00,21,220.0,26.326666666666668,34,4.0
all,2016-11-08 21:00:00,14,124.0,17.023333333333333,21,212.0
all,2016-11-08 21:30:00,9,101.0,13.283333333333333,17,264.0
all,2016-11-08 22:00:00,1,171.0,6.2411111111111115,15,92.0
all,2016-11-08 22:30:00,1,518.0,1.7122222222222223,2,1282.0
all,2016-11-08 23:00:00,1,482.0,2.7,5,241.0
all,2016-11-08 23:30:00,1,14.0,2.3544444444444443,5,43.0
all,2016-11-09 00:00:00,2,828.0,2.54,3,972.0
all,2016-11-09 00:30:00,2,1800.0,2.0,2,1800.0
all,2016-11-09 01:00:00,1,1549.0,1.1394444444444445,2,251.0
all,2016-11-09 01:30:00,1,1800.0,1.0,1,1800.0
all,2016-11-09 02:00:00,0,198.0,0.89,1,1602.0
all,2016-11-09 02:30:00,0,1800.0,0.0,0,1800.0
all,2016-11-09 03:00:00,0,1800.0,0.0,0,1800.0
all,2016-11-09 03:30:00,0,1800.0,0.0,0,1800.0
all,2016-11-09 04:00:00,0,1800.0,0.0,0,1800.0
all,2016-11-09 04:30:00,0,1673.0,0.07055555555555555,1,127.0
all,2016-11-09 05:00:00,0,431.0,0.7605555555555555,1,1369.0
all,2016-11-09 05:30:00,1,711.0,1.605,2,1089.0
all,2016-11-09 06:00:00,2,255.0,4.053888888888889,7,31.0
all,2016-11-09 06:30:00,3,208.0,5.943888888888889,11,53.0
all,2016-11-09 07:00:00,7,54.0,16.057777777777776,26,21.0
all,2016-11-09 07:30:00,22,7.0,51.31611111111111,82,23.0
all,2016-11-09 08:00:00,78,6.0,108.20111111111112,151,6.0
all,2016-11-09 08:30:00,142,3.0,190.6838888888889,235,16.0
all,2016-11-09 09:00:00,228,10.0,256.1016666666667,294,2.0
all,2016-11-09 09:30:00,285,4.0,310.9211111111111,340,4.0
all,2016-11-09 10:00:00,303,10.0,317.4527777777778,339,8.0
all,2016-11-09 10:30:00,313,1.0,333.6661111111111,354,2.0
all,2016-11-09 11:00:00,309,4.0,336.71722222222223,364,1.0
all,2016-11-09 11:30:00,317,1.0,335.05611111111114,355,2.0
all,2016-11-09 12:00:00,238,8.0,270.5938888888889,326,1.0
all,2016-11-09 12:30:00,224,1.0,250.0611111111111,282,3.0
all,2016-11-09 13:00:00,277,1.0,310.2261111111111,335,5.0
all,2016-11-09 13:30:00,306,2.0,322.0966666666667,348,5.0
all,2016-11-09 14:00:00,325,2.0,340.7683333333333,353,7.0
all,2016-11-09 14:30:00,334,5.0,352.81111111111113,376,11.0
all,2016-11-09 15:00:00,337,5.0,353.6311111111111,371,1.0
all,2016-11-09 15:30:00,334,11.0,353.9188888888889,372,3.0
all,2016-11-09 16:00:00,318,2.0,332.83444444444444,344,1.0
all,2016-11-09 16:30:00,256,2.0,288.4377777777778,334,1.0
all,2016-11-09 17:00:00,190,14.0,221.24333333333334,259,2.0
all,2016-11-09 17:30:00,126,6.0,163.7577777777778,202,2.0
all,2016-11-09 18:00:00,92,10.0,112.36611111111111,133,32.0
all,2016-11-09 18:30:00,52,18.0,74.94388888888889,97,19.0
all,2016-11-09 19:00:00,46,52.0,50.85722222222222,58,20.0
all,2016-11-09 19:30:00,24,1.0,36.315,53,8.0
all,2016-11-09 20:00:00,13,27.0,20.963333333333335,31,15.0
all,2016-11-09 20:30:00,10,4.0,16.898333333333333,23,39.0
all,2016-11-09 21:00:00,13,147.0,14.745555555555555,16,452.0
all,2016-11-09 21:30:00,8,36.0,11.112222222222222,15,65.0
all,2016-11-09 22:00:00,8,361.0,9.182222222222222,12,49.0
all,2016-11-09 22:30:00,3,197.0,7.998333333333333,13,79.0
all,2016-11-09 23:00:00,3,113.0,8.45,17,39.0
all,2016-11-09 23:30:00,1,280.0,3.812777777777778,7,60.0
all,2016-11-10 00:00:00,0,469.0,0.7844444444444445,2,81.0
all,2016-11-10 00:30:00,0,1800.0,0.0,0,1800.0
all,2016-11-10 01:00:00,0,1800.0,0.0,0,1800.0
all,2016-11-10 01:30:00,0,1800.0,0.0,0,1800.0
all,2016-11-10 02:00:00,0,1800.0,0.0,0,1800.0
all,2016-11-10 02:30:00,0,1800.0,0.0,0,1800.0
all,2016-11-10 03:00:00,0,1800.0,0.0,0,1800.0
all,2016-11-10 03:30:00,0,1800.0,0.0,0,1800.0
all,2016-11-10 04:00:00,0,1800.0,0.0,0,1800.0
all,2016-11-10 04:30:00,0,1123.0,0.3761111111111111,1,677.0
all,2016-11-10 05:00:00,0,601.0,0.6661111111111111,1,1199.0
all,2016-11-10 05:30:00,0,562.0,0.9133333333333333,2,406.0
all,2016-11-10 06:00:00,1,317.0,3.3644444444444446,7,148.0
all,2016-11-10 06:30:00,6,118.0,9.018888888888888,12,61.0
all,2016-11-10 07:00:00,10,55.0,19.785,30,4.0
all,2016-11-10 07:30:00,26,8.0,53.12611111111111,78,31.0
all,2016-11-10 08:00:00,64,5.0,98.7761111111111,148,1.0
all,2016-11-10 08:30:00,143,11.0,179.0377777777778,230,5.0
all,2016-11-10 09:00:00,225,7.0,263.1116666666667,305,6.0
all,2016-11-10 09:30:00,283,2.0,315.185,340,1.0
all,2016-11-10 10:00:00,293,1.0,318.8811111111111,334,8.0
all,2016-11-10 10:30:00,312,2.0,330.28333333333336,354,3.0
all,2016-11-10 11:00:00,320,1.0,341.37555555555554,361,7.0
all,2016-11-10 11:30:00,317,6.0,334.2683333333333,347,4.0
all,2016-11-10 12:00:00,254,11.0,290.0511111111111,325,2.0
all,2016-11-10 12:30:00,231,4.0,243.23444444444445,259,3.0
all,2016-11-10 13:00:00,230,5.0,274.5388888888889,306,3.0
all,2016-11-10 13:30:00,275,3.0,310.565,344,15.0
all,2016-11-10 14:00:00,307,3.0,326.55833333333334,349,5.0
all,2016-11-10 14:30:00,324,3.0,335.71444444444444,348,4.0
all,2016-11-10 15:00:00,311,2.0,331.38944444444445,348,2.0
all,2016-11-10 15:30:00,301,3.0,323.8977777777778,349,15.0
all,2016-11-10 16:00:00,306,3.0,322.1166666666667,342,1.0
all,2016-11-10 16:30:00,230,5.0,273.7105555555556,314,6.0
all,2016-11-10 17:00:00,160,3.0,195.45222222222222,234,2.0
all,2016-11-10 17:30:00,105,7.0,142.98888888888888,177,3.0
all,2016-11-10 18:00:00,74,10.0,91.67888888888889,112,7.0
all,2016-11-10 18:30:00,50,20.0,62.95111111111111,84,4.0
all,2016-11-10 19:00:00,32,3.0,41.88333333333333,56,6.0
all,2016-11-10 19:30:00,30,120.0,35.056666666666665,42,13.0
all,2016-11-10 20:00:00,27,5.0,34.53277777777778,41,68.0
all,2016-11-10 20:30:00,21,51.0,27.122222222222224,33,110.0
all,2016-11-10 21:00:00,12,227.0,13.95111111111111,21,1.0
all,2016-11-10 21:30:00,9,356.0,10.962222222222222,13,577.0
all,2016-11-10 22:00:00,2,40.0,8.040555555555555,12,315.0
all,2016-11-10 22:30:00,1,1.0,4.060555555555555,6,51.0
all,2016-11-10 23:00:00,3,420.0,4.113333333333333,5,624.0
all,2016-11-10 23:30:00,3,829.0,3.87,6,35.0
all,2016-11-11 00:00:00,4,166.0,4.907777777777778,5,1634.0
all,2016-11-11 00:30:00,3,1705.0,3.0527777777777776,4,95.0
all,2016-11-11 01:00:00,2,1025.0,2.4305555555555554,3,775.0
all,2016-11-11 01:30:00,1,869.0,1.5172222222222222,2,931.0
all,2016-11-11 02:00:00,0,1232.0,0.31555555555555553,1,568.0
all,2016-11-11 02:30:00,0,1800.0,0.0,0,1800.0
all,2016-11-11 03:00:00,0,1800.0,0.0,0,1800.0
all,2016-11-11 03:30:00,0,1800.0,0.0,0,1800.0
all,2016-11-11 04:00:00,0,1800.0,0.0,0,1800.0
all,2016-11-11 04:30:00,0,1800.0,0.0,0,1800.0
all,2016-11-11 05:00:00,0,1800.0,0.0,0,1800.0
all,2016-11-11 05:30:00,0,1608.0,0.10666666666666667,1,192.0
all,2016-11-11 06:00:00,0,92.0,1.7216666666666667,4,32.0
all,2016-11-11 06:30:00,4,40.0,7.772222222222222,12,23.0
all,2016-11-11 07:00:00,8,58.0,19.21388888888889,30,29.0
all,2016-11-11 07:30:00,25,33.0,44.93888888888889,72,2.0
all,2016-11-11 08:00:00,68,10.0,101.15777777777778,135,11.0
all,2016-11-11 08:30:00,126,1.0,173.70444444444445,205,5.0
all,2016-11-11 09:00:00,194,10.0,239.60111111111112,276,4.0
all,2016-11-11 09:30:00,262,15.0,280.0111111111111,310,15.0
all,2016-11-11 10:00:00,279,12.0,299.075,320,2.0
all,2016-11-11 10:30:00,278,2.0,297.0516666666667,311,2.0
all,2016-11-11 11:00:00,283,12.0,305.34277777777777,321,10.0
all,2016-11-11 11:30:00,280,6.0,305.8466666666667,331,3.0
all,2016-11-11 12:00:00,205,8.0,238.34777777777776,286,2.0
all,2016-11-11 12:30:00,208,4.0,221.58,237,2.0
all,2016-11-11 13:00:00,222,4.0,237.2722222222222,262,5.0
all,2016-11-11 13:30:00,244,3.0,266.9244444444444,285,7.0
all,2016-11-11 14:00:00,259,1.0,283.5522222222222,304,4.0
all,2016-11-11 14:30:00,271,3.0,290.6672222222222,312,6.0
all,2016-11-11 15:00:00,244,2.0,267.01722222222224,289,1.0
all,2016-11-11 15:30:00,260,7.0,288.1022222222222,303,3.0
all,2016-11-11 16:00:00,243,9.0,269.0338888888889,290,4.0
all,2016-11-11 16:30:00,205,6.0,224.94666666666666,264,1.0
all,2016-11-11 17:00:00,135,24.0,163.44944444444445,212,1.0
all,2016-11-11 17:30:00,75,8.0,103.09222222222222,138,10.0
all,2016-11-11 18:00:00,51,17.0,62.48111111111111,81,14.0
all,2016-11-11 18:30:00,23,38.0,40.010555555555555,60,8.0
all,2016-11-11 19:00:00,26,57.0,32.58833333333333,38,5.0
all,2016-11-11 19:30:00,11,51.0,19.011666666666667,30,2.0
all,2016-11-11 20:00:00,9,20.0,12.065,17,47.0
all,2016-11-11 20:30:00,5,230.0,7.643888888888889,10,149.0
all,2016-11-11 21:00:00,1,619.0,2.6544444444444446,6,87.0
all,2016-11-11 21:30:00,0,141.0,2.192222222222222,5,20.0
all,2016-11-11 22:00:00,0,626.0,1.3055555555555556,3,53.0
all,2016-11-11 22:30:00,2,48.0,4.232222222222222,9,57.0
all,2016-11-11 23:00:00,1,112.0,3.1727777777777777,4,803.0
all,2016-11-11 23:30:00,2,652.0,2.817222222222222,4,323.0
all,2016-11-14 00:00:00,0,1800.0,0.0,0,1800.0
all,2016-11-14 00:30:00,0,1800.0,0.0,0,1800.0
all,2016-11-14 01:00:00,0,1800.0,0.0,0,1800.0
all,2016-11-14 01:30:00,0,1800.0,0.0,0,1800.0
all,2016-11-14 02:00:00,0,1800.0,0.0,0,1800.0
all,2016-11-14 02:30:00,0,1800.0,0.0,0,1800.0
all,2016-11-14 03:00:00,0,1800.0,0.0,0,1800.0
all,2016-11-14 03:30:00,0,1800.0,0.0,0,1800.0
all,2016-11-14 04:00:00,0,1800.0,0.0,0,1800.0
all,2016-11-14 04:30:00,0,1800.0,0.0,0,1800.0
all,2016-11-14 05:00:00,0,1105.0,0.3861111111111111,1,695.0
all,2016-11-14 05:30:00,1,1430.0,1.255,3,89.0
all,2016-11-14 06:00:00,3,192.0,4.751111111111111,7,205.0
all,2016-11-14 06:30:00,5,212.0,8.287222222222223,13,115.0
all,2016-11-14 07:00:00,9,52.0,22.79722222222222,38,12.0
all,2016-11-14 07:30:00,36,6.0,53.11666666666667,73,40.0
all,2016-11-14 08:00:00,65,4.0,90.35833333333333,137,11.0
all,2016-11-14 08:30:00,133,12.0,173.82666666666665,208,1.0
all,2016-11-14 09:00:00,194,4.0,262.77666666666664,310,7.0
all,2016-11-14 09:30:00,239,6.0,265.5577777777778,313,1.0
all,2016-11-14 10:00:00,264,4.0,327.12666666666667,371,4.0
all,2016-11-14 10:30:00,318,1.0,338.4316666666667,357,7.0
all,2016-11-14 11:00:00,318,5.0,337.52555555555557,366,1.0
all,2016-11-14 11:30:00,333,7.0,352.03,374,2.0
all,2016-11-14 12:00:00,254,4.0,298.3027777777778,352,2.0
all,2016-11-14 12:30:00,228,1.0,248.49666666666667,264,15.0
all,2016-11-14 13:00:00,258,1.0,295.40555555555557,351,2.0
all,2016-11-14 13:30:00,321,1.0,341.34944444444443,359,3.0
all,2016-11-14 14:00:00,329,6.0,344.16833333333335,370,7.0
all,2016-11-14 14:30:00,333,1.0,363.0127777777778,385,5.0
all,2016-11-14 15:00:00,329,9.0,350.37111111111113,373,4.0
all,2016-11-14 15:30:00,324,1.0,350.1122222222222,369,3.0
all,2016-11-14 16:00:00,302,5.0,324.355,354,2.0
all,2016-11-14 16:30:00,251,10.0,290.9033333333333,325,2.0
all,2016-11-14 17:00:00,169,15.0,207.33055555555555,255,3.0
all,2016-11-14 17:30:00,112,6.0,145.4788888888889,176,4.0
all,2016-11-14 18:00:00,74,9.0,95.21222222222222,125,8.0
all,2016-11-14 18:30:00,50,22.0,63.068888888888885,76,25.0
all,2016-11-14 19:00:00,36,2.0,45.37111111111111,57,22.0
all,2016-11-14 19:30:00,22,73.0,29.45888888888889,39,37.0
all,2016-11-14 20:00:00,11,10.0,21.321666666666665,30,9.0
all,2016-11-14 20:30:00,9,104.0,14.125,19,21.0
all,2016-11-14 21:00:00,5,249.0,8.276111111111112,13,84.0
all,2016-11-14 21:30:00,1,129.0,5.285555555555556,9,191.0
all,2016-11-14 22:00:00,1,389.0,2.68,7,60.0
all,2016-11-14 22:30:00,1,27.0,2.5972222222222223,4,142.0
all,2016-11-14 23:00:00,0,163.0,2.051111111111111,5,66.0
all,2016-11-14 23:30:00,1,510.0,2.0233333333333334,3,552.0
all,2016-11-15 00:00:00,1,906.0,1.4966666666666666,2,894.0
all,2016-11-15 00:30:00,1,552.0,1.81,3,210.0
all,2016-11-15 01:00:00,1,1345.0,1.2527777777777778,2,455.0
all,2016-11-15 01:30:00,1,1800.0,1.0,1,1800.0
all,2016-11-15 02:00:00,0,1127.0,0.3738888888888889,1,673.0
all,2016-11-15 02:30:00,0,1800.0,0.0,0,1800.0
all,2016-11-15 03:00:00,0,1800.0,0.0,0,1800.0
all,2016-11-15 03:30:00,0,1800.0,0.0,0,1800.0
all,2016-11-15 04:00:00,0,1800.0,0.0,0,1800.0
all,2016-11-15 04:30:00,0,1146.0,0.36333333333333334,1,654.0
all,2016-11-15 05:00:00,0,263.0,0.8538888888888889,1,1537.0
all,2016-11-15 05:30:00,0,1051.0,0.42444444444444446,2,15.0
all,2016-11-15 06:00:00,0,413.0,3.205,6,298.0
all,2016-11-15 06:30:00,4,112.0,7.567777777777778,12,5.0
all,2016-11-15 07:00:00,11,73.0,18.45388888888889,26,106.0
all,2016-11-15 07:30:00,24,38.0,43.35888888888889,68,8.0
all,2016-11-15 08:00:00,65,4.0,97.87944444444445,139,8.0
all,2016-11-15 08:30:00,135,7.0,174.18333333333334,211,1.0
all,2016-11-15 09:00:00,200,2.0,248.74333333333334,278,3.0
all,2016-11-15 09:30:00,257,1.0,302.42833333333334,346,1.0
all,2016-11-15 10:00:00,299,1.0,328.7077777777778,349,6.0
all,2016-11-15 10:30:00,315,4.0,327.94166666666666,347,2.0
all,2016-11-15 11:00:00,274,1.0,297.79777777777775,324,3.0
all,2016-11-15 11:30:00,285,10.0,305.4111111111111,320,6.0
all,2016-11-15 12:00:00,254,1.0,282.9766666666667,324,3.0
all,2016-11-15 12:30:00,248,3.0,261.0461111111111,280,3.0
all,2016-11-15 13:00:00,254,2.0,283.115,314,5.0
all,2016-11-15 13:30:00,281,2.0,306.18611111111113,329,3.0
all,2016-11-15 14:00:00,305,2.0,330.1616666666667,349,3.0
all,2016-11-15 14:30:00,328,4.0,342.41333333333336,354,25.0
all,2016-11-15 15:00:00,315,11.0,329.6333333333333,347,9.0
all,2016-11-15 15:30:00,322,3.0,337.83,358,7.0
all,2016-11-15 16:00:00,293,8.0,321.39166666666665,337,3.0
all,2016-11-15 16:30:00,256,6.0,289.695,327,5.0
all,2016-11-15 17:00:00,204,8.0,232.17111111111112,266,1.0
all,2016-11-15 17:30:00,124,23.0,156.6988888888889,205,10.0
all,2016-11-15 18:00:00,68,5.0,106.65944444444445,131,9.0
all,2016-11-15 18:30:00,57,31.0,71.68722222222222,83,2.0
all,2016-11-15 19:00:00,46,33.0,55.54222222222222,67,6.0
all,2016-11-15 19:30:00,33,7.0,45.33,55,42.0
all,2016-11-15 20:00:00,23,17.0,29.929444444444446,40,2.0
all,2016-11-15 20:30:00,19,91.0,23.88222222222222,32,5.0
all,2016-11-15 21:00:00,11,67.0,16.008333333333333,20,105.0
all,2016-11-15 21:30:00,5,84.0,8.03888888888889,12,14.0
all,2016-11-15 22:00:00,3,160.0,5.502222222222223,8,258.0
all,2016-11-15 22:30:00,2,413.0,3.7577777777777777,6,180.0
all,2016-11-15 23:00:00,1,235.0,3.76,9,8.0
all,2016-11-15 23:30:00,1,675.0,1.7461111111111112,4,36.0
all,2016-11-16 00:00:00,1,1155.0,1.3883333333333334,3,54.0
all,2016-11-16 00:30:00,0,398.0,1.3888888888888888,2,1098.0
all,2016-11-16 01:00:00,0,80.0,1.1066666666666667,2,272.0
all,2016-11-16 01:30:00,0,646.0,0.6411111111111111,1,1154.0
all,2016-11-16 02:00:00,0,1044.0,0.46,2,72.0
all,2016-11-16 02:30:00,0,1800.0,0.0,0,1800.0
all,2016-11-16 03:00:00,0,1800.0,0.0,0,1800.0
all,2016-11-16 03:30:00,0,1800.0,0.0,0,1800.0
all,2016-11-16 04:00:00,0,1800.0,0.0,0,1800.0
all,2016-11-16 04:30:00,0,1800.0,0.0,0,1800.0
all,2016-11-16 05:00:00,0,747.0,0.585,1,1053.0
all,2016-11-16 05:30:00,1,1502.0,1.1655555555555555,2,298.0
all,2016-11-16 06:00:00,1,264.0,3.9383333333333335,6,224.0
all,2016-11-16 06:30:00,5,292.0,7.528333333333333,13,41.0
all,2016-11-16 07:00:00,11,10.0,16.743333333333332,23,44.0
all,2016-11-16 07:30:00,21,16.0,42.449444444444445,65,4.0
all,2016-11-16 08:00:00,61,2.0,92.39,128,20.0
all,2016-11-16 08:30:00,123,14.0,160.5288888888889,204,4.0
all,2016-11-16 09:00:00,192,2.0,218.9427777777778,262,3.0
all,2016-11-16 09:30:00,252,5.0,285.1922222222222,302,10.0
all,2016-11-16 10:00:00,289,3.0,304.6011111111111,326,11.0
all,2016-11-16 10:30:00,289,6.0,318.36833333333334,331,22.0
all,2016-11-16 11:00:00,309,13.0,325.7422222222222,347,10.0
all,2016-11-16 11:30:00,304,6.0,328.6016666666667,342,2.0
all,2016-11-16 12:00:00,218,3.0,245.31833333333333,304,4.0
all,2016-11-16 12:30:00,231,3.0,242.08166666666668,255,1.0
all,2016-11-16 13:00:00,243,4.0,281.17,306,1.0
all,2016-11-16 13:30:00,292,24.0,300.81444444444446,316,6.0
all,2016-11-16 14:00:00,296,2.0,311.83666666666664,334,1.0
all,2016-11-16 14:30:00,302,1.0,320.89166666666665,343,21.0
all,2016-11-16 15:00:00,301,4.0,322.0911111111111,340,9.0
all,2016-11-16 15:30:00,313,6.0,332.56888888888886,351,1.0
all,2016-11-16 16:00:00,303,7.0,326.2133333333333,348,5.0
all,2016-11-16 16:30:00,249,18.0,285.36277777777775,320,5.0
all,2016-11-16 17:00:00,185,1.0,212.43944444444443,255,2.0
all,2016-11-16 17:30:00,114,2.0,140.94055555555556,189,4.0
all,2016-11-16 18:00:00,67,15.0,93.085,124,7.0
all,2016-11-16 18:30:00,47,13.0,58.407222222222224,70,37.0
all,2016-11-16 19:00:00,38,73.0,45.565,60,1.0
all,2016-11-16 19:30:00,30,37.0,40.71222222222222,48,4.0
all,2016-11-16 20:00:00,17,14.0,28.233888888888888,35,60.0
all,2016-11-16 20:30:00,8,90.0,17.188333333333333,25,2.0
all,2016-11-16 21:00:00,6,261.0,7.870555555555556,14,6.0
all,2016-11-16 21:30:00,6,78.0,8.045555555555556,13,15.0
all,2016-11-16 22:00:00,2,50.0,5.056111111111111,8,1.0
all,2016-11-16 22:30:00,1,1154.0,1.3588888888888888,2,646.0
all,2016-11-16 23:00:00,1,1087.0,1.5,4,50.0
all,2016-11-16 23:30:00,0,1075.0,0.4033333333333333,2,1.0
all,2016-11-17 00:00:00,0,11.0,0.9938888888888889,1,1789.0
all,2016-11-17 00:30:00,1,1800.0,1.0,1,1800.0
all,2016-11-17 01:00:00,0,1654.0,0.0811111111111111,1,146.0
all,2016-11-17 01:30:00,0,1800.0,0.0,0,1800.0
all,2016-11-17 02:00:00,0,1769.0,0.017222222222222222,1,31.0
all,2016-11-17 02:30:00,1,1800.0,1.0,1,1800.0
all,2016-11-17 03:00:00,1,1800.0,1.0,1,1800.0
all,2016-11-17 03:30:00,1,1800.0,1.0,1,1800.0
all,2016-11-17 04:00:00,1,1800.0,1.0,1,1800.0
all,2016-11-17 04:30:00,0,1385.0,0.23055555555555557,1,415.0
all,2016-11-17 05:00:00,0,106.0,1.0638888888888889,2,221.0
all,2016-11-17 05:30:00,1,573.0,1.9466666666666668,3,477.0
all,2016-11-17 06:00:00,3,680.0,3.8405555555555555,6,70.0
all,2016-11-17 06:30:00,2,80.0,5.765555555555555,12,45.0
all,2016-11-17 07:00:00,6,15.0,14.357222222222223,28,18.0
all,2016-11-17 07:30:00,26,11.0,52.65611111111111,81,9.0
all,2016-11-17 08:00:00,73,8.0,96.98722222222223,130,2.0
all,2016-11-17 08:30:00,126,4.0,188.88777777777779,240,9.0
all,2016-11-17 09:00:00,235,2.0,265.76,286,1.0
all,2016-11-17 09:30:00,269,7.0,303.7011111111111,329,4.0
all,2016-11-17 10:00:00,306,5.0,327.9605555555556,347,2.0
all,2016-11-17 10:30:00,328,10.0,341.3355555555556,356,1.0
all,2016-11-17 11:00:00,317,1.0,337.64222222222224,355,1.0
all,2016-11-17 11:30:00,274,7.0,313.7894444444444,335,14.0
all,2016-11-17 12:00:00,270,4.0,292.61055555555555,306,3.0
all,2016-11-17 12:30:00,285,1.0,302.0316666666667,319,1.0
all,2016-11-17 13:00:00,305,16.0,331.4716666666667,358,3.0
all,2016-11-17 13:30:00,322,3.0,336.18333333333334,353,3.0
all,2016-11-17 14:00:00,234,14.0,299.3022222222222,356,5.0
all,2016-11-17 14:30:00,251,1.0,295.9788888888889,316,13.0
all,2016-11-17 15:00:00,296,1.0,333.3255555555556,359,2.0
all,2016-11-17 15:30:00,311,3.0,333.535,350,22.0
all,2016-11-17 16:00:00,303,2.0,318.96555555555557,339,3.0
all,2016-11-17 16:30:00,247,1.0,275.28222222222223,310,12.0
all,2016-11-17 17:00:00,177,9.0,207.07666666666665,265,15.0
all,2016-11-17 17:30:00,126,15.0,149.01611111111112,185,10.0
all,2016-11-17 18:00:00,86,7.0,107.49,132,2.0
all,2016-11-17 18:30:00,50,43.0,61.970555555555556,86,18.0
all,2016-11-17 19:00:00,41,9.0,49.21888888888889,60,16.0
all,2016-11-17 19:30:00,33,4.0,39.04666666666667,46,6.0
all,2016-11-17 20:00:00,26,88.0,29.767222222222223,39,17.0
all,2016-11-17 20:30:00,14,34.0,20.251666666666665,28,28.0
all,2016-11-17 21:00:00,5,17.0,9.31,15,8.0
all,2016-11-17 21:30:00,6,61.0,11.232777777777779,15,33.0
all,2016-11-17 22:00:00,0,33.0,4.522222222222222,10,106.0
all,2016-11-17 22:30:00,2,364.0,3.7016666666666667,6,14.0
all,2016-11-17 23:00:00,0,89.0,1.735,3,489.0
all,2016-11-17 23:30:00,1,295.0,2.3016666666666667,4,250.0
all,2016-11-18 00:00:00,1,1791.0,1.005,2,9.0
all,2016-11-18 00:30:00,1,1800.0,1.0,1,1800.0
all,2016-11-18 01:00:00,1,1800.0,1.0,1,1800.0
all,2016-11-18 01:30:00,1,1800.0,1.0,1,1800.0
all,2016-11-18 02:00:00,0,814.0,0.5477777777777778,1,986.0
all,2016-11-18 02:30:00,0,509.0,0.7172222222222222,1,1291.0
all,2016-11-18 03:00:00,1,1800.0,1.0,1,1800.0
all,2016-11-18 03:30:00,0,363.0,0.7983333333333333,1,1437.0
all,2016-11-18 04:00:00,1,1800.0,1.0,1,1800.0
all,2016-11-18 04:30:00,0,113.0,0.9372222222222222,1,1687.0
all,2016-11-18 05:00:00,0,218.0,1.6622222222222223,3,297.0
all,2016-11-18 05:30:00,1,771.0,1.5716666666666668,2,1029.0
all,2016-11-18 06:00:00,1,297.0,3.2844444444444445,6,142.0
all,2016-11-18 06:30:00,3,326.0,5.235,8,199.0
all,2016-11-18 07:00:00,5,38.0,13.505,25,1.0
all,2016-11-18 07:30:00,19,74.0,38.35166666666667,60,7.0
all,2016-11-18 08:00:00,55,26.0,83.43666666666667,114,6.0
all,2016-11-18 08:30:00,106,5.0,149.99277777777777,189,1.0
all,2016-11-18 09:00:00,180,6.0,217.8661111111111,258,4.0
all,2016-11-18 09:30:00,247,1.0,269.845,294,2.0
all,2016-11-18 10:00:00,267,7.0,284.9533333333333,301,19.0
all,2016-11-18 10:30:00,288,8.0,298.6961111111111,312,9.0
all,2016-11-18 11:00:00,275,15.0,300.9411111111111,319,3.0
all,2016-11-18 11:30:00,269,3.0,307.5661111111111,336,4.0
all,2016-11-18 12:00:00,193,6.0,228.39444444444445,277,12.0
all,2016-11-18 12:30:00,191,1.0,207.85111111111112,224,6.0
all,2016-11-18 13:00:00,195,3.0,224.87722222222223,247,4.0
all,2016-11-18 13:30:00,235,3.0,258.35055555555556,275,1.0
all,2016-11-18 14:00:00,252,3.0,282.075,303,4.0
all,2016-11-18 14:30:00,251,2.0,268.14666666666665,297,6.0
all,2016-11-18 15:00:00,231,4.0,253.04055555555556,266,1.0
all,2016-11-18 15:30:00,231,1.0,265.30333333333334,287,11.0
all,2016-11-18 16:00:00,170,4.0,212.67,237,7.0
all,2016-11-18 16:30:00,164,2.0,177.59277777777777,189,3.0
all,2016-11-18 17:00:00,118,7.0,146.73888888888888,172,11.0
all,2016-11-18 17:30:00,95,7.0,134.0311111111111,170,8.0
all,2016-11-18 18:00:00,57,15.0,89.98833333333333,133,16.0
all,2016-11-18 18:30:00,26,4.0,42.39944444444444,57,18.0
all,2016-11-18 19:00:00,12,31.0,23.58,34,26.0
all,2016-11-18 19:30:00,4,35.0,10.408333333333333,17,208.0
all,2016-11-18 20:00:00,3,497.0,4.498888888888889,7,106.0
all,2016-11-18 20:30:00,1,143.0,2.365,4,193.0
all,2016-11-18 21:00:00,0,628.0,0.8861111111111111,2,423.0
all,2016-11-18 21:30:00,0,1800.0,0.0,0,1800.0
all,2016-11-18 22:00:00,0,1542.0,0.14333333333333334,1,258.0
all,2016-11-18 22:30:00,0,1581.0,0.12166666666666667,1,219.0
all,2016-11-18 23:00:00,0,1800.0,0.0,0,1800.0
all,2016-11-18 23:30:00,0,1688.0,0.06222222222222222,1,112.0
